task,marker,feature,n,n_young,n_elderly,n_pd,F_group,p_group,beta_pd,p_pd,beta_young,p_young,q_group
B1,F0semitoneFrom27.5Hz_sma3nz_amean,F0semitoneFrom27.5Hz_sma3nz_amean,56,15,17,24,0.31621864759925716,0.7303188668842665,-0.5841022726116469,0.4488059751378384,0.006030249868415272,0.9980871255949509,0.7934328430347587
B1,F0semitoneFrom27.5Hz_sma3nz_stddevNorm,F0semitoneFrom27.5Hz_sma3nz_stddevNorm,56,15,17,24,14.150672097420832,1.2923659115286328e-05,-0.05295545661163703,3.3831185243985927e-06,-0.014420577170724026,0.6660473726522612,7.417056535729545e-05
B1,F0semitoneFrom27.5Hz_sma3nz_percentile20.0,F0semitoneFrom27.5Hz_sma3nz_percentile20.0,56,15,17,24,0.7348165178716795,0.48460155851011494,0.9096619783578213,0.23306171060005837,1.0982589244025762,0.6578693853998779,0.5910094067950449
B1,F0semitoneFrom27.5Hz_sma3nz_percentile50.0,F0semitoneFrom27.5Hz_sma3nz_percentile50.0,56,15,17,24,0.10536120109573462,0.9001947659246956,0.21987787784790147,0.7806101063352419,1.0973327231896017,0.6710161698383929,0.9175730432591491
B1,F0semitoneFrom27.5Hz_sma3nz_percentile80.0,F0semitoneFrom27.5Hz_sma3nz_percentile80.0,56,15,17,24,0.7469563813810144,0.47891825164548296,-0.9008802668672701,0.29711059896802877,0.8471099044059587,0.7632422277541931,0.5880670624856162
B1,F0semitoneFrom27.5Hz_sma3nz_pctlrange0-2,F0semitoneFrom27.5Hz_sma3nz_pctlrange0-2,56,15,17,24,8.692540189759717,0.0005643191218273334,-1.8105422452250903,0.00017475189756859026,-0.2511490199966089,0.8643153053238488,0.001692957365482
B1,F0semitoneFrom27.5Hz_sma3nz_meanRisingSlope,F0semitoneFrom27.5Hz_sma3nz_meanRisingSlope,56,15,17,24,1.8389703786206653,0.1693673384549989,-36.448324883727224,0.2033218490211177,93.10661745600932,0.3189536926669568,0.2517648941142564
B1,F0semitoneFrom27.5Hz_sma3nz_stddevRisingSlope,F0semitoneFrom27.5Hz_sma3nz_stddevRisingSlope,56,15,17,24,5.765667057295912,0.005527748564170159,-188.58345567177744,0.001860128485730575,-14.504238905692915,0.9387734826197046,0.011961685417548542
B1,F0semitoneFrom27.5Hz_sma3nz_meanFallingSlope,F0semitoneFrom27.5Hz_sma3nz_meanFallingSlope,56,15,17,24,7.639614632383693,0.0012528945708786409,-39.2108223882567,0.00044885658711482114,0.28153737245908417,0.993459296753277,0.003154035798004045
B1,F0semitoneFrom27.5Hz_sma3nz_stddevFallingSlope,F0semitoneFrom27.5Hz_sma3nz_stddevFallingSlope,56,15,17,24,5.5700927658131025,0.0064869354727473,-112.97853981154827,0.0015832859077882758,-101.06937379494961,0.3656115187331596,0.013700407718442296
B1,loudness_sma3_amean,loudness_sma3_amean,56,15,17,24,2.048297709196544,0.1394305772332078,-0.07281367173962008,0.05074559712182176,-0.031240405390725354,0.7940278110386726,0.21277267277206277
B1,loudness_sma3_stddevNorm,loudness_sma3_stddevNorm,56,15,17,24,15.162422235399806,6.797462729525843e-06,0.21079565771752365,1.4443254220105865e-05,-0.18202871671529083,0.21114685468626176,4.078477637715506e-05
B1,loudness_sma3_percentile20.0,loudness_sma3_percentile20.0,56,15,17,24,10.421225795474987,0.00016044283162253134,-0.03727205730918138,0.0002465628930485669,0.03451719911004754,0.2695431148914872,0.0006138682253383808
B1,loudness_sma3_percentile50.0,loudness_sma3_percentile50.0,56,15,17,24,5.320005394257913,0.007971507994913389,-0.1009560419938395,0.002214821136637085,-0.04211619747761566,0.6827679958749626,0.01606471840196286
B1,loudness_sma3_percentile80.0,loudness_sma3_percentile80.0,56,15,17,24,0.7548002698016648,0.47528299035003596,-0.07911836488105667,0.22618742217988974,-0.052766168945701436,0.8037564026448272,0.5863304180019135
B1,loudness_sma3_pctlrange0-2,loudness_sma3_pctlrange0-2,56,15,17,24,0.28585674363829644,0.7525661485585231,-0.04184630914550723,0.48213703484309417,-0.08728336342859394,0.6535286647236809,0.8043621992690287
B1,loudness_sma3_meanRisingSlope,loudness_sma3_meanRisingSlope,56,15,17,24,1.428196358569382,0.2491663160158183,-1.1831178730251266,0.10694788398534767,-1.990807271408263,0.4024926444198823,0.357499496892261
B1,loudness_sma3_stddevRisingSlope,loudness_sma3_stddevRisingSlope,56,15,17,24,0.6710312667131286,0.5156360528844082,-0.4519891603573408,0.2521173634463838,-0.43155947699701025,0.736649246756721,0.6187632634612897
B1,loudness_sma3_meanFallingSlope,loudness_sma3_meanFallingSlope,56,15,17,24,0.14806580316793466,0.8627437271494166,-0.2380137137468792,0.6862228651276764,-0.8825988022999924,0.6470272856941109,0.8901779458830628
B1,loudness_sma3_stddevFallingSlope,loudness_sma3_stddevFallingSlope,56,15,17,24,0.11316153571990328,0.8932299868406185,-0.15501118989131996,0.657381227612287,-0.3211432299486685,0.7786382521253553,0.917559208272075
B1,spectralFlux_sma3_amean,spectralFlux_sma3_amean,56,15,17,24,1.439634623075194,0.2464825742355988,-0.028628785560204574,0.09707169425029671,-0.018098646679011197,0.7452315390819133,0.3555814185693884
B1,spectralFlux_sma3_stddevNorm,spectralFlux_sma3_stddevNorm,56,15,17,24,5.428317373028442,0.007289355366127864,0.29042640435951766,0.003258085970926868,-0.07591254754483032,0.8060857105494068,0.01500400616649979
B1,mfcc1_sma3_amean,mfcc1_sma3_amean,56,15,17,24,2.8978405139647356,0.06426863086352502,0.3965392969041376,0.7471560742017259,-8.809448767354304,0.032244044250228435,0.10671017954698495
B1,mfcc1_sma3_stddevNorm,mfcc1_sma3_stddevNorm,56,15,17,24,3.683596463543881,0.03204312827503758,-0.09746737495063686,0.015883646604277112,0.04270740075485774,0.7395948923458245,0.05529010369026092
B1,mfcc2_sma3_amean,mfcc2_sma3_amean,56,15,17,24,28.07861685151842,5.990890790557433e-09,10.529866879724134,9.411374679790108e-10,11.343895171674971,0.017123607878095477,7.18906894866892e-08
B1,mfcc2_sma3_stddevNorm,mfcc2_sma3_stddevNorm,56,15,17,24,3.9701424412683255,0.024976271641555456,5.946298921647329,0.007264785935721497,3.0961606559042316,0.6580631250402253,0.0439582380891376
B1,mfcc3_sma3_amean,mfcc3_sma3_amean,56,15,17,24,12.858241431096259,3.008694199771321e-05,5.511399825436385,6.1238454126197966e-06,3.2266826155330928,0.3708070997912237,0.00015885905374792575
B1,mfcc3_sma3_stddevNorm,mfcc3_sma3_stddevNorm,56,15,17,24,10.91329296582186,0.00011340853520860481,-1.8839145846873908,2.256968023492013e-05,-1.4151235388085623,0.28895800058164317,0.0004606131276164872
B1,mfcc4_sma3_amean,mfcc4_sma3_amean,56,15,17,24,30.01191844643227,2.426194263352199e-09,12.509927536195715,3.620389894310516e-10,10.869112848903061,0.044737124752494244,3.371133081710423e-08
B1,mfcc4_sma3_stddevNorm,mfcc4_sma3_stddevNorm,56,15,17,24,0.6150337224577654,0.5445835655815954,2.1226273053588116,0.6450513848208406,16.431226831931916,0.2779238135234395,0.6447087951279873
B1,jitterLocal_sma3nz_amean,jitterLocal_sma3nz_amean,56,15,17,24,0.8229927140939239,0.4448620718872579,-0.00038324208790015466,0.8191602033551597,0.0062658297894941425,0.2560361640910533,0.5592551760868385
B1,jitterLocal_sma3nz_stddevNorm,jitterLocal_sma3nz_stddevNorm,56,15,17,24,8.651838544998757,0.0005817218017776764,0.4896888994568646,0.00012774825816068812,0.32100636794131554,0.4098507248830817,0.0017255568052731076
B1,shimmerLocaldB_sma3nz_amean,shimmerLocaldB_sma3nz_amean,56,15,17,24,12.393403016866799,4.1058452399001364e-05,-0.236477983872321,8.137276622695726e-06,-0.2742724777657498,0.08444378348023494,0.00020235625603557178
B1,shimmerLocaldB_sma3nz_stddevNorm,shimmerLocaldB_sma3nz_stddevNorm,56,15,17,24,22.528089090085857,9.741913257540274e-08,0.2084731451407188,1.6666363158517582e-08,0.13869618294588928,0.17942415237730946,8.572883666635441e-07
B1,HNRdBACF_sma3nz_amean,HNRdBACF_sma3nz_amean,56,15,17,24,18.921384890665717,7.131423075719618e-07,2.262921632017123,2.395328059394736e-07,0.22331606331634823,0.8580787319750959,4.95446234734205e-06
B1,HNRdBACF_sma3nz_stddevNorm,HNRdBACF_sma3nz_stddevNorm,56,15,17,24,33.05755611165599,6.214548026867118e-10,-0.2514613240622496,2.577703366343059e-10,-0.0115176768969475,0.9129993714817399,1.0254004244330745e-08
B1,logRelF0-H1-H2_sma3nz_amean,logRelF0-H1-H2_sma3nz_amean,56,15,17,24,9.363164360032151,0.0003438912417461834,3.983452011794645,0.00021928617282195172,8.968710393291566,0.008466951662796528,0.001149206174949271
B1,logRelF0-H1-H2_sma3nz_stddevNorm,logRelF0-H1-H2_sma3nz_stddevNorm,56,15,17,24,0.2559834961033442,0.7751434448071098,-0.43543826241740446,0.7978039088974266,3.15100369040153,0.5713407226306093,0.8218388330485019
B1,logRelF0-H1-A3_sma3nz_amean,logRelF0-H1-A3_sma3nz_amean,56,15,17,24,3.59040368515733,0.03476610425189776,3.2563546222914432,0.017673745317782853,-1.553265403062274,0.7221429817713929,0.05959903586039615
B1,logRelF0-H1-A3_sma3nz_stddevNorm,logRelF0-H1-A3_sma3nz_stddevNorm,56,15,17,24,6.942468853156566,0.0021546178030333774,-0.12705059422823728,0.0009768301019237398,0.030576806675211225,0.7978347872647754,0.0051244963964037086
B1,F1frequency_sma3nz_amean,F1frequency_sma3nz_amean,56,15,17,24,0.48943234549867987,0.6158236418687917,-18.14935412652322,0.331936265269271,-8.388274249583276,0.8904600692885577,0.7099451591849826
B1,F1frequency_sma3nz_stddevNorm,F1frequency_sma3nz_stddevNorm,56,15,17,24,0.9195957477887059,0.4051886902889276,-0.0017708551288742082,0.8148843461940974,-0.033186533884980315,0.18348631582583239,0.5269448977156497
B1,F1bandwidth_sma3nz_amean,F1bandwidth_sma3nz_amean,56,15,17,24,7.049399340230812,0.0019812014939140756,33.47214959822323,0.01052102380993931,-74.67292424867485,0.07592596574188534,0.004754883585393781
B1,F1bandwidth_sma3nz_stddevNorm,F1bandwidth_sma3nz_stddevNorm,56,15,17,24,34.19485147033822,3.805259373608313e-10,-0.03175904188583081,1.0834892470229132e-10,-0.007189584686073964,0.578383424235366,6.697256497550631e-09
B1,F1amplitudeLogRelF0_sma3nz_amean,F1amplitudeLogRelF0_sma3nz_amean,56,15,17,24,4.317573686384421,0.018523835736413988,-15.24657933149839,0.013646235674194132,-41.070936605184826,0.040310151981925224,0.03363209664977213
B1,F1amplitudeLogRelF0_sma3nz_stddevNorm,F1amplitudeLogRelF0_sma3nz_stddevNorm,56,15,17,24,7.870513187968026,0.0010495932302020466,0.18891800459808714,0.0007774819596249352,0.4574367480191407,0.010794725992638761,0.002798915280538791
B1,F2frequency_sma3nz_amean,F2frequency_sma3nz_amean,56,15,17,24,0.43771296815224076,0.6479131018954981,-19.196710795793237,0.3790300752625825,-37.599032127742305,0.5974606296118122,0.7317184891890001
B1,F2frequency_sma3nz_stddevNorm,F2frequency_sma3nz_stddevNorm,56,15,17,24,0.14753068742510062,0.8632028566138791,0.0014467813988712106,0.7080011615081603,0.006038666928935038,0.6328378471341137,0.8901779458830628
B1,F2bandwidth_sma3nz_amean,F2bandwidth_sma3nz_amean,56,15,17,24,5.514867958070987,0.006787990393617358,55.388019061419165,0.006076451788239287,-52.00447116658161,0.4150092611239028,0.01422245606281732
B1,F2bandwidth_sma3nz_stddevNorm,F2bandwidth_sma3nz_stddevNorm,56,15,17,24,11.766994222855303,6.280630829457351e-05,-0.03928470017060383,2.407354767231143e-05,0.0012922959552491738,0.9629056505737535,0.0002858769894787484
B1,F2amplitudeLogRelF0_sma3nz_amean,F2amplitudeLogRelF0_sma3nz_amean,56,15,17,24,4.65933180563708,0.013852267220937395,-15.863629137387768,0.007051492237042783,-35.680785677699184,0.059080853509767536,0.02593615990303172
B1,F2amplitudeLogRelF0_sma3nz_stddevNorm,F2amplitudeLogRelF0_sma3nz_stddevNorm,56,15,17,24,8.008777626917219,0.0009445624420153154,0.16357825475850582,0.00034205342244646376,0.2998971225315969,0.036153668747170076,0.0025707678834231266
B1,F3frequency_sma3nz_amean,F3frequency_sma3nz_amean,56,15,17,24,0.44138311896112264,0.645579669486058,20.195129326281965,0.4154399206691342,-16.95462050515306,0.8339291428565655,0.7317184891890001
B1,F3frequency_sma3nz_stddevNorm,F3frequency_sma3nz_stddevNorm,56,15,17,24,2.060419427773791,0.137875190353421,-0.006429060699041459,0.0800781122932773,-0.0167603119174594,0.16072954616457472,0.21162238519362292
B1,F3bandwidth_sma3nz_amean,F3bandwidth_sma3nz_amean,56,15,17,24,2.4112201257291925,0.09986530738739773,35.84105586125481,0.12381511479018337,-78.32276504449591,0.30074450593080604,0.15693119732305358
B1,F3bandwidth_sma3nz_stddevNorm,F3bandwidth_sma3nz_stddevNorm,56,15,17,24,0.2861092296340104,0.7523782669605916,-0.008053293542452196,0.5969506638252964,0.018250421333523625,0.7138915015843161,0.8043621992690287
B1,F3amplitudeLogRelF0_sma3nz_amean,F3amplitudeLogRelF0_sma3nz_amean,56,15,17,24,5.288231977813002,0.008183959515488939,-16.40127665649494,0.003746967554445937,-34.57899144032885,0.055669533872219734,0.016244851970594585
B1,F3amplitudeLogRelF0_sma3nz_stddevNorm,F3amplitudeLogRelF0_sma3nz_stddevNorm,56,15,17,24,10.321009192364889,0.0001722900764667964,0.16489542153825176,4.996892785739672e-05,0.26747535907893444,0.032574124733608927,0.0006317302803782535
B1,alphaRatioV_sma3nz_amean,alphaRatioV_sma3nz_amean,56,15,17,24,12.439164269709721,3.981408345422822e-05,-5.724124705884579,1.3157024089441465e-05,-0.46927048771696933,0.9042435655764816,0.0002021330390753125
B1,alphaRatioV_sma3nz_stddevNorm,alphaRatioV_sma3nz_stddevNorm,56,15,17,24,22.465628940867223,1.0070613836332098e-07,0.26186519767846556,1.8202314962375684e-08,0.15355766004298257,0.23743542200773984,8.576264686424754e-07
B1,hammarbergIndexV_sma3nz_amean,hammarbergIndexV_sma3nz_amean,56,15,17,24,12.8825409635491,2.9604974254881224e-05,6.209903231503485,1.099243634419223e-05,-0.00462684778182787,0.9991181334183754,0.00015885905374792575
B1,hammarbergIndexV_sma3nz_stddevNorm,hammarbergIndexV_sma3nz_stddevNorm,56,15,17,24,49.86717123638256,9.968461009334656e-13,-0.1685302800487312,1.43566244777824e-13,-0.12119605579661466,0.03299161126578176,2.3924306422403173e-11
B1,slopeV0-500_sma3nz_amean,slopeV0-500_sma3nz_amean,56,15,17,24,198.93468007038115,8.20314661673106e-25,-0.06862070465688785,2.1273176916136077e-25,-0.10297534823064768,4.226544053638425e-12,5.414076767042499e-23
B1,slopeV0-500_sma3nz_stddevNorm,slopeV0-500_sma3nz_stddevNorm,56,15,17,24,0.08169244669998864,0.9216756844678629,5.931028654438393,0.8866242383390668,54.54467330158705,0.6887155738691759,0.9287113767157091
B1,slopeV500-1500_sma3nz_amean,slopeV500-1500_sma3nz_amean,56,15,17,24,1.3075185229887853,0.27940291008968854,0.0032854184009912836,0.11488473183260028,0.004306204864691125,0.5232551074932125,0.39657187238536434
B1,slopeV500-1500_sma3nz_stddevNorm,slopeV500-1500_sma3nz_stddevNorm,56,15,17,24,0.30112588788874717,0.7412911722585035,-0.14017356502228667,0.8176276763562549,-1.5346731380699157,0.44141262452168173,0.798779059086714
B1,spectralFluxV_sma3nz_amean,spectralFluxV_sma3nz_amean,56,15,17,24,1.2022214818130184,0.30889868400055376,-0.03556922204914214,0.13157570186768391,-0.015082623885265309,0.8433059339043134,0.42907959889454017
B1,spectralFluxV_sma3nz_stddevNorm,spectralFluxV_sma3nz_stddevNorm,56,15,17,24,7.714748405371895,0.0011825920087316034,0.1415894146410956,0.0012008619395630412,-0.11941681290489713,0.3805005714522507,0.0030608263755406207
B1,mfcc1V_sma3nz_amean,mfcc1V_sma3nz_amean,56,15,17,24,6.201737785132664,0.003882901106490507,2.558316067035839,0.035442005589998694,-8.022863676566299,0.04338104443373143,0.008687168577233
B1,mfcc1V_sma3nz_stddevNorm,mfcc1V_sma3nz_stddevNorm,56,15,17,24,23.699165515210417,5.270506067685908e-08,-0.14251503599274118,1.5027173135507032e-08,-0.03001002213553002,0.6670711706337443,4.96933429238957e-07
B1,mfcc2V_sma3nz_amean,mfcc2V_sma3nz_amean,56,15,17,24,10.958071418621735,0.00010990956059379981,10.42536012628986,2.1671177305586015e-05,10.738502396558408,0.14685435129220645,0.0004533769374494242
B1,mfcc2V_sma3nz_stddevNorm,mfcc2V_sma3nz_stddevNorm,56,15,17,24,0.5215451886732718,0.5967343155941159,0.21117899219585262,0.8003006197898658,2.773096363181046,0.3121376606911311,0.6909555233195026
B1,mfcc3V_sma3nz_amean,mfcc3V_sma3nz_amean,56,15,17,24,11.60292527563375,7.028566091394875e-05,6.511984519328559,1.6445327971893143e-05,2.697871042869992,0.5493453501938913,0.0003041871226439749
B1,mfcc3V_sma3nz_stddevNorm,mfcc3V_sma3nz_stddevNorm,56,15,17,24,7.941028036965696,0.0009945904665388692,-1.6184838118893285,0.00024042671421728237,-0.7938128285877223,0.5562219402950459,0.002679304930267974
B1,mfcc4V_sma3nz_amean,mfcc4V_sma3nz_amean,56,15,17,24,12.38141572072162,4.1391052370912414e-05,10.092123802167318,9.115265066557213e-06,4.818422109850085,0.4750354331083654,0.00020235625603557178
B1,mfcc4V_sma3nz_stddevNorm,mfcc4V_sma3nz_stddevNorm,56,15,17,24,0.4366843403060395,0.6485686608720682,-200.36498958996538,0.3682034245865519,-335.6862010024025,0.6438854102991205,0.7317184891890001
B1,alphaRatioUV_sma3nz_amean,alphaRatioUV_sma3nz_amean,56,15,17,24,61.63897473513484,2.4623922386775593e-14,-8.769196136492782,5.058861116182391e-15,-12.330483767649115,1.9140696183881316e-05,6.500715510108757e-13
B1,hammarbergIndexUV_sma3nz_amean,hammarbergIndexUV_sma3nz_amean,56,15,17,24,64.03082336150364,1.2344509845136086e-14,10.029730065606422,2.5115792441641867e-15,14.050231062508985,1.4862820670548026e-05,4.073688248894908e-13
B1,slopeUV0-500_sma3nz_amean,slopeUV0-500_sma3nz_amean,56,15,17,24,303.539241795643,4.7528965230626535e-29,-0.092714598142318,1.2615770901121492e-29,-0.13948574373674882,2.9147989284332762e-15,1.2547646820885405e-26
B1,slopeUV500-1500_sma3nz_amean,slopeUV500-1500_sma3nz_amean,56,15,17,24,16.3354504723954,3.291479340445281e-06,0.008926198227969884,1.3042303307766249e-06,-0.000136793422016784,0.9796025617500835,2.0208152229710564e-05
B1,spectralFluxUV_sma3nz_amean,spectralFluxUV_sma3nz_amean,56,15,17,24,0.9994334668856297,0.37518163856462083,-0.006597249739256126,0.48863210685437364,0.030552023935429114,0.3280061716707572,0.49772840492994924
B1,loudnessPeaksPerSec,loudnessPeaksPerSec,56,15,17,24,4.885104592841777,0.011453173571465266,-0.563069429628033,0.0071184118393887354,0.35958687177513304,0.5864154129964093,0.02207034907202066
B1,VoicedSegmentsPerSec,VoicedSegmentsPerSec,56,15,17,24,10.333934609005073,0.00017071234640209492,-0.45222449901633743,0.0003321228919985447,0.482544308218557,0.2150013043731179,0.0006317302803782535
B1,MeanVoicedSegmentLengthSec,MeanVoicedSegmentLengthSec,56,15,17,24,7.62553649331969,0.0012665435349313928,0.03749235121719213,0.02058826251085449,-0.11818851835722916,0.025376089500316966,0.003154410313414035
B1,StddevVoicedSegmentLengthSec,StddevVoicedSegmentLengthSec,56,15,17,24,5.162832069614517,0.00908158925731802,0.025578162061746408,0.07220076346444378,-0.09220969928493562,0.04827759423801204,0.017892086297999682
B1,MeanUnvoicedSegmentLength,MeanUnvoicedSegmentLength,56,15,17,24,3.4483847285281106,0.039387102868861636,0.10905579500582105,0.011847124585173454,0.06122771622863084,0.6560143983464104,0.06665509716268891
B1,StddevUnvoicedSegmentLength,StddevUnvoicedSegmentLength,56,15,17,24,2.9763054416899286,0.05990205404167291,0.1520307929046461,0.021799242440308866,0.018208611814361175,0.9312891514664995,0.10008950801899777
B1,equivalentSoundLevel_dBp,equivalentSoundLevel_dBp,56,15,17,24,0.21178000234446545,0.8098506633761066,-0.28070810905291266,0.8638242012776627,-3.4662355749870812,0.5181250297513528,0.8517951200449886
B2,F0semitoneFrom27.5Hz_sma3nz_amean,F0semitoneFrom27.5Hz_sma3nz_amean,53,15,18,20,0.8864600693563347,0.4187499690144347,-0.6371371738776411,0.3958162512474823,1.6605418093727042,0.5277181665275027,0.5366504457272366
B2,F0semitoneFrom27.5Hz_sma3nz_stddevNorm,F0semitoneFrom27.5Hz_sma3nz_stddevNorm,53,15,18,20,9.528080160365857,0.00032753772886295554,-0.05237491774418795,9.487451108230256e-05,-0.02876312581199157,0.5083398769916002,0.0011085892361515418
B2,F0semitoneFrom27.5Hz_sma3nz_percentile20.0,F0semitoneFrom27.5Hz_sma3nz_percentile20.0,53,15,18,20,0.778970630472815,0.46459179846324633,0.6617612306561294,0.36783679807587816,2.882622624510751,0.26488411561494457,0.5785482773315898
B2,F0semitoneFrom27.5Hz_sma3nz_percentile50.0,F0semitoneFrom27.5Hz_sma3nz_percentile50.0,53,15,18,20,0.5458988152339966,0.5828747611482378,0.21895905982748998,0.7756599654428707,2.789511240313691,0.3035062678627379,0.6839063864139323
B2,F0semitoneFrom27.5Hz_sma3nz_percentile80.0,F0semitoneFrom27.5Hz_sma3nz_percentile80.0,53,15,18,20,1.329175814094172,0.274261215685274,-0.7650378457193958,0.37918178104368666,2.8721591206332366,0.3472373865617958,0.39137816724817476
B2,F0semitoneFrom27.5Hz_sma3nz_pctlrange0-2,F0semitoneFrom27.5Hz_sma3nz_pctlrange0-2,53,15,18,20,5.39103992247247,0.007725221433218179,-1.4267990763755258,0.003623761691457624,-0.010463503877515379,0.9949270093481511,0.015688141987458454
B2,F0semitoneFrom27.5Hz_sma3nz_meanRisingSlope,F0semitoneFrom27.5Hz_sma3nz_meanRisingSlope,53,15,18,20,0.9607214690882975,0.3898509369262161,-34.92467086648031,0.28312852622899654,45.89212548675056,0.686307148413351,0.51424206396208
B2,F0semitoneFrom27.5Hz_sma3nz_stddevRisingSlope,F0semitoneFrom27.5Hz_sma3nz_stddevRisingSlope,53,15,18,20,5.0238615472162715,0.010445882901756125,-189.60242611236706,0.0037164776212866243,-67.78442274102105,0.7574120934241704,0.020427504341211978
B2,F0semitoneFrom27.5Hz_sma3nz_meanFallingSlope,F0semitoneFrom27.5Hz_sma3nz_meanFallingSlope,53,15,18,20,8.509545635774245,0.0006867650862782262,-51.33505647949036,0.00027313363427117064,-11.999716820443076,0.7947526010869421,0.001970717204102736
B2,F0semitoneFrom27.5Hz_sma3nz_stddevFallingSlope,F0semitoneFrom27.5Hz_sma3nz_stddevFallingSlope,53,15,18,20,8.341182653796617,0.0007779080563003974,-134.7169507725551,0.0002025359695598059,-95.57394827849556,0.42017806933664376,0.002208255127562418
B2,loudness_sma3_amean,loudness_sma3_amean,53,15,18,20,1.666790961285215,0.19959609261748482,-0.072607306361731,0.07586185350995418,-0.11964467922039312,0.3985913270534845,0.2943763600615419
B2,loudness_sma3_stddevNorm,loudness_sma3_stddevNorm,53,15,18,20,18.93323011056504,8.670103093008751e-07,0.1972168261232169,1.22390118030462e-06,-0.05682605622286514,0.6509373903653816,5.722268041385776e-06
B2,loudness_sma3_percentile20.0,loudness_sma3_percentile20.0,53,15,18,20,8.889828532402428,0.0005195067286362734,-0.04447107972541907,0.00031889599237628697,0.0049502949374270536,0.902616340337987,0.0015947648413950717
B2,loudness_sma3_percentile50.0,loudness_sma3_percentile50.0,53,15,18,20,4.045894747384618,0.023779712774764074,-0.09618452763868075,0.006921352995110941,-0.08348640740154911,0.488667378578289,0.04213318236602493
B2,loudness_sma3_percentile80.0,loudness_sma3_percentile80.0,53,15,18,20,0.7329441437827621,0.4857918230095634,-0.07628319289641264,0.285432591152016,-0.2239398603024143,0.3708350791311965,0.5910094067950449
B2,loudness_sma3_pctlrange0-2,loudness_sma3_pctlrange0-2,53,15,18,20,0.5265451397000223,0.5940141025892575,-0.031812121006620536,0.6219012323890428,-0.22889017253482863,0.3140716987758038,0.6909555233195026
B2,loudness_sma3_meanRisingSlope,loudness_sma3_meanRisingSlope,53,15,18,20,0.9562648722211217,0.39152520778931094,-0.9572038182672526,0.22957360956133022,-2.9153025014659657,0.296325760742385,0.51424206396208
B2,loudness_sma3_stddevRisingSlope,loudness_sma3_stddevRisingSlope,53,15,18,20,0.3083681832325481,0.7360892312175186,-0.2915544459145833,0.49019339975002735,-0.8737905972045683,0.5555302390183074,0.7964244141042005
B2,loudness_sma3_meanFallingSlope,loudness_sma3_meanFallingSlope,53,15,18,20,0.34560629959081457,0.7095377885496029,-0.07074868799570115,0.9123507793303409,-1.8123967640791947,0.4233475325684789,0.7804915674045633
B2,loudness_sma3_stddevFallingSlope,loudness_sma3_stddevFallingSlope,53,15,18,20,0.3927407805592099,0.6773535116080268,-0.032095755489435926,0.9302776767280776,-1.0928456555455635,0.39781527731224176,0.7534097191404853
B2,spectralFlux_sma3_amean,spectralFlux_sma3_amean,53,15,18,20,1.0610949782553323,0.3540534111391268,-0.02625123432340465,0.167298780364577,-0.05781407021631782,0.3834076329599784,0.47688826806494633
B2,spectralFlux_sma3_stddevNorm,spectralFlux_sma3_stddevNorm,53,15,18,20,8.157551421631323,0.000891822560613366,0.28336041890157626,0.000348784402502185,0.06950137416565685,0.7890612359066185,0.002478327957915038
B2,mfcc1_sma3_amean,mfcc1_sma3_amean,53,15,18,20,4.7365804407727,0.01326257054986486,0.03060221785154149,0.9805981026851912,-12.55218448511621,0.006313928604867162,0.025189342627081463
B2,mfcc1_sma3_stddevNorm,mfcc1_sma3_stddevNorm,53,15,18,20,2.107224223645404,0.13268230921980897,-0.04853120576214326,0.23211336070772987,0.15512812915175572,0.2759494723914558,0.20484286335689808
B2,mfcc2_sma3_amean,mfcc2_sma3_amean,53,15,18,20,20.576714848407764,3.519462788850075e-07,9.746573696920752,6.427973107961478e-08,9.456688962501307,0.08390241559590828,2.7327593419306467e-06
B2,mfcc2_sma3_stddevNorm,mfcc2_sma3_stddevNorm,53,15,18,20,1.1987658256675453,0.31043258859415596,3.88082847118707,0.140765768684152,8.301753387244334,0.36598137692586324,0.42907959889454017
B2,mfcc3_sma3_amean,mfcc3_sma3_amean,53,15,18,20,11.80512976969272,6.766806391600717e-05,6.373628155093042,2.863506859426028e-05,1.441898518839454,0.7669915301358973,0.0002977394812304316
B2,mfcc3_sma3_stddevNorm,mfcc3_sma3_stddevNorm,53,15,18,20,1.1790539851290536,0.3163180578722667,-3.749681690132979,0.1896906555281133,2.2601758163102046,0.8202795735276464,0.4326837682812353
B2,mfcc4_sma3_amean,mfcc4_sma3_amean,53,15,18,20,23.73130309261924,6.820101161639739e-08,11.720052565654836,1.376420868247198e-08,9.643219347725095,0.11635670328890141,6.208643816113418e-07
B2,mfcc4_sma3_stddevNorm,mfcc4_sma3_stddevNorm,53,15,18,20,0.7860250178760186,0.46142868781766555,-22.45783873966695,0.540468798620395,101.19485182348183,0.4326201923206918,0.5773325762268422
B2,jitterLocal_sma3nz_amean,jitterLocal_sma3nz_amean,53,15,18,20,2.862967838265614,0.06689197059053222,-0.001497853372596003,0.36787314046615993,0.010000298959635884,0.09025304312618146,0.10968621264534476
B2,jitterLocal_sma3nz_stddevNorm,jitterLocal_sma3nz_stddevNorm,53,15,18,20,3.0867217698996354,0.054816976605772796,0.3049322477345673,0.022165844661863325,0.0685417446012776,0.8803092619839525,0.0921763173498345
B2,shimmerLocaldB_sma3nz_amean,shimmerLocaldB_sma3nz_amean,53,15,18,20,10.117835867814014,0.00021553330425324511,-0.20524141728887388,4.9437384202361414e-05,-0.1738355181679414,0.2873458152694459,0.000748694635827062
B2,shimmerLocaldB_sma3nz_stddevNorm,shimmerLocaldB_sma3nz_stddevNorm,53,15,18,20,20.942800799236934,2.892188464814509e-07,0.1811738715041202,1.9708027091980823e-07,0.012695236367345597,0.9040896112416678,2.3137507718516074e-06
B2,HNRdBACF_sma3nz_amean,HNRdBACF_sma3nz_amean,53,15,18,20,17.19144034844177,2.3426225662715276e-06,2.1149911782159,1.1196638292367913e-06,0.44699921750429183,0.7387047993031227,1.4725056130849603e-05
B2,HNRdBACF_sma3nz_stddevNorm,HNRdBACF_sma3nz_stddevNorm,53,15,18,20,24.834016944778586,3.94213063266254e-08,-0.23222668976333638,3.5475340633724926e-08,0.0022772241320612174,0.9854677039039242,3.854527729714483e-07
B2,logRelF0-H1-H2_sma3nz_amean,logRelF0-H1-H2_sma3nz_amean,53,15,18,20,6.852152448403821,0.002411118488996279,3.804990409048217,0.000862071688196177,8.492665881730627,0.028387859568530852,0.005583642816622962
B2,logRelF0-H1-H2_sma3nz_stddevNorm,logRelF0-H1-H2_sma3nz_stddevNorm,53,15,18,20,0.894081906056027,0.4156837641930878,-1.2270567074429413,0.1918171619724805,-1.001373675263312,0.7595901400436162,0.5353195792535375
B2,logRelF0-H1-A3_sma3nz_amean,logRelF0-H1-A3_sma3nz_amean,53,15,18,20,2.2568897205365257,0.1156727546645397,2.38441999308842,0.12478450218010957,-4.125903474469752,0.4450098767825268,0.17963298371434402
B2,logRelF0-H1-A3_sma3nz_stddevNorm,logRelF0-H1-A3_sma3nz_stddevNorm,53,15,18,20,3.587242034433615,0.035324087967823874,-0.11809790125441902,0.04293510073547333,0.1619988890426028,0.42045667773974027,0.06016489821616453
B2,F1frequency_sma3nz_amean,F1frequency_sma3nz_amean,53,15,18,20,1.5652676752513512,0.2195136538204016,-32.810962802713135,0.09197692914126608,-16.02762623284326,0.8119160856744937,0.32195335893658905
B2,F1frequency_sma3nz_stddevNorm,F1frequency_sma3nz_stddevNorm,53,15,18,20,0.4270953568370725,0.6548561859876152,-0.0012445879045046952,0.8832391203878567,-0.026728733491561796,0.3708824307335185,0.7347962324876413
B2,F1bandwidth_sma3nz_amean,F1bandwidth_sma3nz_amean,53,15,18,20,4.334482736803079,0.01859956860176792,30.032579562080862,0.029951511888935013,-45.490423162725335,0.3392112580555693,0.03363209664977213
B2,F1bandwidth_sma3nz_stddevNorm,F1bandwidth_sma3nz_stddevNorm,53,15,18,20,19.445768789920425,6.521239069056444e-07,-0.03324746913862387,1.7776884000315963e-07,-0.01930941027286146,0.3181046786800301,4.652992200624058e-06
B2,F1amplitudeLogRelF0_sma3nz_amean,F1amplitudeLogRelF0_sma3nz_amean,53,15,18,20,5.735833832964537,0.005839113163003443,-12.723506280378825,0.02369280691340469,-59.945776764891335,0.002924289496842625,0.012532730691324464
B2,F1amplitudeLogRelF0_sma3nz_stddevNorm,F1amplitudeLogRelF0_sma3nz_stddevNorm,53,15,18,20,9.3393370644038,0.0003750617404061544,0.18352411293314336,0.0008904854430163725,0.6538637817083832,0.0007592565909063529,0.0012075158471612775
B2,F2frequency_sma3nz_amean,F2frequency_sma3nz_amean,53,15,18,20,1.205788913241157,0.30836332715157866,-34.2645433494838,0.12805862191521436,-52.331779373171344,0.5037070862032123,0.42907959889454017
B2,F2frequency_sma3nz_stddevNorm,F2frequency_sma3nz_stddevNorm,53,15,18,20,0.2687284092148217,0.7654931074591912,0.0025113643959376744,0.500951688221261,-0.00015361990857132302,0.990620925888581,0.8148797595533325
B2,F2bandwidth_sma3nz_amean,F2bandwidth_sma3nz_amean,53,15,18,20,4.481856649998907,0.016422175540568205,50.06214070176628,0.01541101883420819,-41.90708627277854,0.5519305522138709,0.030317862536433614
B2,F2bandwidth_sma3nz_stddevNorm,F2bandwidth_sma3nz_stddevNorm,53,15,18,20,7.7191292384974055,0.0012398228790243412,-0.03543106740546846,0.00039475597763160615,-0.016276587377029403,0.6202969375338988,0.003154035798004045
B2,F2amplitudeLogRelF0_sma3nz_amean,F2amplitudeLogRelF0_sma3nz_amean,53,15,18,20,4.913732673792557,0.011443791279499772,-13.163121843957054,0.015934858934290728,-49.455001646952965,0.010201842185441571,0.02207034907202066
B2,F2amplitudeLogRelF0_sma3nz_stddevNorm,F2amplitudeLogRelF0_sma3nz_stddevNorm,53,15,18,20,7.503486407319048,0.0014603701690437815,0.1516838610291725,0.0008034209190949607,0.4000811208867979,0.009839194523352239,0.003537043345206957
B2,F3frequency_sma3nz_amean,F3frequency_sma3nz_amean,53,15,18,20,0.0032826164586831938,0.9967229891711878,0.3647536275625498,0.9885047091558911,-6.094253424991166,0.9453295040912129,0.9967229891711878
B2,F3frequency_sma3nz_stddevNorm,F3frequency_sma3nz_stddevNorm,53,15,18,20,1.8603570172986825,0.16666385019989519,-0.006197691589630053,0.08345112389505613,-0.016784521421474116,0.1789844878184873,0.2499957752998428
B2,F3bandwidth_sma3nz_amean,F3bandwidth_sma3nz_amean,53,15,18,20,1.0059140546418923,0.37328813057518156,23.653721468351378,0.29203316159306536,-37.631381469288954,0.6314040763149865,0.4977175074335754
B2,F3bandwidth_sma3nz_stddevNorm,F3bandwidth_sma3nz_stddevNorm,53,15,18,20,0.06079483430489997,0.9410886233674902,-0.005117718757280296,0.7307453688074068,-0.004523894856141866,0.9309027446987108,0.9446669071065301
B2,F3amplitudeLogRelF0_sma3nz_amean,F3amplitudeLogRelF0_sma3nz_amean,53,15,18,20,5.455169935638882,0.007331503013176034,-13.609975777556787,0.009236790493470573,-48.33974244880351,0.008494372390117893,0.01500400616649979
B2,F3amplitudeLogRelF0_sma3nz_stddevNorm,F3amplitudeLogRelF0_sma3nz_stddevNorm,53,15,18,20,9.360587890158106,0.0003693695700605815,0.15011749310298564,0.00015549859673481237,0.3553065596807521,0.007976605453348244,0.001203871191308562
B2,alphaRatioV_sma3nz_amean,alphaRatioV_sma3nz_amean,53,15,18,20,10.727889183710545,0.00014086026885419648,-5.074922547064123,9.803672576947785e-05,0.6897413039397601,0.8700026856060266,0.0005550315071269832
B2,alphaRatioV_sma3nz_stddevNorm,alphaRatioV_sma3nz_stddevNorm,53,15,18,20,11.615158336285825,7.688342007951072e-05,0.2166873682710964,2.7970518719910146e-05,0.07343322514515604,0.6568290468987849,0.0003273745629192069
B2,hammarbergIndexV_sma3nz_amean,hammarbergIndexV_sma3nz_amean,53,15,18,20,9.578250833891737,0.00031599204138824013,5.369629322560239,0.00019148882078964138,-0.42146621651312133,0.9283820840883956,0.0010834012847596804
B2,hammarbergIndexV_sma3nz_stddevNorm,hammarbergIndexV_sma3nz_stddevNorm,53,15,18,20,29.146204837215407,5.172918446729331e-09,-0.1475968161951765,1.0498881957784486e-09,-0.11787578813290803,0.09217663918547679,6.503097475888302e-08
B2,slopeV0-500_sma3nz_amean,slopeV0-500_sma3nz_amean,53,15,18,20,161.33709183157092,4.942805738226279e-22,-0.06751478580345686,6.534365508863524e-23,-0.09988544964315522,1.03591885343102e-09,2.1748345248195627e-20
B2,slopeV0-500_sma3nz_stddevNorm,slopeV0-500_sma3nz_stddevNorm,53,15,18,20,1.5346343117147785,0.225921924520267,2.9883419757990946,0.3018165311296721,16.994649658231214,0.09732546338327945,0.32952148106823476
B2,slopeV500-1500_sma3nz_amean,slopeV500-1500_sma3nz_amean,53,15,18,20,2.892663960386063,0.06514153647516706,0.004467041596621491,0.03326582240749311,0.012319776113531362,0.09148820121840037,0.10748353518402565
B2,slopeV500-1500_sma3nz_stddevNorm,slopeV500-1500_sma3nz_stddevNorm,53,15,18,20,0.0885350618479912,0.9154201295065051,-0.04512161086112043,0.993111252673818,-7.2059881694936205,0.6947080755898241,0.9259421999606028
B2,spectralFluxV_sma3nz_amean,spectralFluxV_sma3nz_amean,53,15,18,20,0.9010853391297626,0.41288695419231664,-0.034623324211263004,0.1905761353018952,-0.061314631957071375,0.506215472835162,0.534324293660645
B2,spectralFluxV_sma3nz_stddevNorm,spectralFluxV_sma3nz_stddevNorm,53,15,18,20,10.238024080802303,0.00019808936867455058,0.1739758135761913,0.00033352609886630154,-0.12335584673473055,0.43886897334125025,0.000697274577734418
B2,mfcc1V_sma3nz_amean,mfcc1V_sma3nz_amean,53,15,18,20,5.987201973020717,0.004770974842448674,2.435141069250562,0.07117392050615776,-9.504783081707245,0.04567176381855108,0.010584347549634034
B2,mfcc1V_sma3nz_stddevNorm,mfcc1V_sma3nz_stddevNorm,53,15,18,20,12.83198306183114,3.432948968611209e-05,-0.12622833241399292,1.8384237903258673e-05,-0.010515314949682164,0.9106018386057817,0.00017770559366928613
B2,mfcc2V_sma3nz_amean,mfcc2V_sma3nz_amean,53,15,18,20,8.697890231019747,0.0005978555208858353,9.40867921709878,0.00013755834008958602,8.58726461394671,0.2866079152796377,0.0017537095279317838
B2,mfcc2V_sma3nz_stddevNorm,mfcc2V_sma3nz_stddevNorm,53,15,18,20,0.38995868722937616,0.6792102771039223,-0.5150477705405092,0.7780262704448644,4.306263056231357,0.5027941122479631,0.7534097191404853
B2,mfcc3V_sma3nz_amean,mfcc3V_sma3nz_amean,53,15,18,20,9.38037868492189,0.000364149383721765,6.897253496005178,0.0001380384964629243,1.972891762558732,0.7371171672213933,0.0012016929662818244
B2,mfcc3V_sma3nz_stddevNorm,mfcc3V_sma3nz_stddevNorm,53,15,18,20,0.4390518690359957,0.6472101597415745,-0.8831221904992963,0.43668821836224625,-3.0183612577498815,0.4487987581396882,0.7317184891890001
B2,mfcc4V_sma3nz_amean,mfcc4V_sma3nz_amean,53,15,18,20,10.347608499218952,0.0001834652018871728,9.575366416818458,4.990856589712332e-05,5.8471335757948655,0.44202845077079017,0.0006545245040299139
B2,mfcc4V_sma3nz_stddevNorm,mfcc4V_sma3nz_stddevNorm,53,15,18,20,0.6999970609126707,0.5015845642967006,13.485541330760253,0.2734537442151138,33.813164336631004,0.43266295731088467,0.6074235090565548
B2,alphaRatioUV_sma3nz_amean,alphaRatioUV_sma3nz_amean,53,15,18,20,45.31431549249713,8.816968127939162e-12,-7.469251641845796,1.239207563830756e-12,-9.860062611763698,0.0007993131035244465,1.6626282755542419e-10
B2,hammarbergIndexUV_sma3nz_amean,hammarbergIndexUV_sma3nz_amean,53,15,18,20,46.06110920003468,6.81744418958543e-12,8.404697408743779,9.545886433873947e-13,10.999782906811683,0.0008028126051542609,1.3844655892696567e-10
B2,slopeUV0-500_sma3nz_amean,slopeUV0-500_sma3nz_amean,53,15,18,20,221.2176438208753,5.9679975556189615e-25,-0.08776645768758184,7.349454910360134e-26,-0.12178602646252172,7.512984657144066e-11,5.251837848944686e-23
B2,slopeUV500-1500_sma3nz_amean,slopeUV500-1500_sma3nz_amean,53,15,18,20,29.719078106131274,3.999305477107463e-09,0.011229820765059113,1.7406413681161383e-09,0.003829933473996511,0.4751252670690495,5.279083229781851e-08
B2,spectralFluxUV_sma3nz_amean,spectralFluxUV_sma3nz_amean,53,15,18,20,0.17346906370389595,0.8412678652965406,-0.0041309782360235674,0.6541536301653673,0.0060588330567317925,0.851391139399881,0.8778447290050858
B2,loudnessPeaksPerSec,loudnessPeaksPerSec,53,15,18,20,4.213982602137712,0.02060270955672968,-0.48194793720855744,0.008543578484150795,-0.0708068231626291,0.9090963240430938,0.03700078451004514
B2,VoicedSegmentsPerSec,VoicedSegmentsPerSec,53,15,18,20,11.38554045899733,8.979451418994949e-05,-0.41978887960656885,0.00024144238040457538,0.37876233859770675,0.3129301445990169,0.0003762817737483598
B2,MeanVoicedSegmentLengthSec,MeanVoicedSegmentLengthSec,53,15,18,20,9.071710515866233,0.00045510333008567775,0.038131911015121735,0.024469775689444556,-0.14268080209713319,0.016864416279996988,0.001428893407637987
B2,StddevVoicedSegmentLengthSec,StddevVoicedSegmentLengthSec,53,15,18,20,8.17915654400366,0.0008775624760543057,0.03340076045300181,0.034249976431573355,-0.12786194634586595,0.021512169892128317,0.0024646435497695392
B2,MeanUnvoicedSegmentLength,MeanUnvoicedSegmentLength,53,15,18,20,5.8466751730399515,0.0053403138668144555,0.06531084168813937,0.0014672242198415907,0.11830707486396899,0.0879440305963275,0.01165159389123154
B2,StddevUnvoicedSegmentLength,StddevUnvoicedSegmentLength,53,15,18,20,6.284888474601395,0.0037639713789719754,0.10710262485274571,0.0012191897975036981,0.2252577433305193,0.04483730166014047,0.008493063624347022
B2,equivalentSoundLevel_dBp,equivalentSoundLevel_dBp,53,15,18,20,1.1921645591984156,0.3123907549383084,-0.6404660417578454,0.7081123278500985,-9.14313197308277,0.13217728328475892,0.42953728804017405
PR1,F0semitoneFrom27.5Hz_sma3nz_amean,F0semitoneFrom27.5Hz_sma3nz_amean,56,15,18,23,1.2962217137376706,0.28242215133524173,-0.4764668863294804,0.544915420708734,-4.131103488341214,0.11597721773521684,0.39871362541445887
PR1,F0semitoneFrom27.5Hz_sma3nz_stddevNorm,F0semitoneFrom27.5Hz_sma3nz_stddevNorm,56,15,18,23,6.811674403510592,0.0023884066481601627,-0.040145865402998235,0.006626805123652871,0.07140173179369057,0.1337870380201777,0.005579994293046751
PR1,F0semitoneFrom27.5Hz_sma3nz_percentile20.0,F0semitoneFrom27.5Hz_sma3nz_percentile20.0,56,15,18,23,1.2812746949457137,0.28646916184640175,0.04597247451473074,0.9574656086116955,-4.32844148559278,0.1329218035844544,0.4022758442949471
PR1,F0semitoneFrom27.5Hz_sma3nz_percentile50.0,F0semitoneFrom27.5Hz_sma3nz_percentile50.0,56,15,18,23,0.6224107205390602,0.5406754315541417,0.27717788009542266,0.730957297892277,-2.4622165036776336,0.35705521184183103,0.6429653780643847
PR1,F0semitoneFrom27.5Hz_sma3nz_percentile80.0,F0semitoneFrom27.5Hz_sma3nz_percentile80.0,56,15,18,23,0.42376188336853493,0.656863298738952,0.34518687523536595,0.6847963900560495,-1.915683364502618,0.49605661177973526,0.7347962324876413
PR1,F0semitoneFrom27.5Hz_sma3nz_pctlrange0-2,F0semitoneFrom27.5Hz_sma3nz_pctlrange0-2,56,15,18,23,0.8417321746925802,0.43686192050317835,0.2992144007206311,0.6011367196753774,2.4127581210901607,0.20507352662681602,0.5518255837934885
PR1,F0semitoneFrom27.5Hz_sma3nz_meanRisingSlope,F0semitoneFrom27.5Hz_sma3nz_meanRisingSlope,56,15,18,23,5.49868412804738,0.0068789397129277886,-25.496157221950035,0.4462771978571341,318.612407209693,0.005453354217442171,0.014299528222149104
PR1,F0semitoneFrom27.5Hz_sma3nz_stddevRisingSlope,F0semitoneFrom27.5Hz_sma3nz_stddevRisingSlope,56,15,18,23,7.6380063545721,0.001254446056024336,-168.4470864014312,0.004832015362798475,318.2002825668642,0.09820357496954506,0.003154035798004045
PR1,F0semitoneFrom27.5Hz_sma3nz_meanFallingSlope,F0semitoneFrom27.5Hz_sma3nz_meanFallingSlope,56,15,18,23,1.0056516568086524,0.3729436407240999,-5.178896166702961,0.815446995855263,93.71270849924856,0.20470164681623856,0.4977175074335754
PR1,F0semitoneFrom27.5Hz_sma3nz_stddevFallingSlope,F0semitoneFrom27.5Hz_sma3nz_stddevFallingSlope,56,15,18,23,0.4823594126198131,0.6201127441692482,16.28504916652022,0.715965114710585,143.58301526501057,0.33356967320852876,0.7117815846116589
PR1,loudness_sma3_amean,loudness_sma3_amean,56,15,18,23,3.949914468221008,0.025417430061308147,-0.08767623623958966,0.012082700549203596,-0.19143055636117906,0.09157002536526604,0.04443842076943941
PR1,loudness_sma3_stddevNorm,loudness_sma3_stddevNorm,56,15,18,23,24.428603713954207,3.621298862485393e-08,0.3285165712533532,6.590108236101329e-09,0.17510022615018156,0.2677218752243713,3.6770111526774766e-07
PR1,loudness_sma3_percentile20.0,loudness_sma3_percentile20.0,56,15,18,23,14.676841033826099,9.234046149535099e-06,-0.03770629468218766,4.540260474369175e-06,0.007385738186126819,0.7622975151749715,5.4173070743939255e-05
PR1,loudness_sma3_percentile50.0,loudness_sma3_percentile50.0,56,15,18,23,10.8463567830279,0.00011885624992375319,-0.12216109440297052,3.7829337458124344e-05,-0.20718315216699695,0.024589383028348403,0.00047542499969501276
PR1,loudness_sma3_percentile80.0,loudness_sma3_percentile80.0,56,15,18,23,2.729661736850316,0.07477904393526916,-0.11477234213362222,0.06461172341814662,-0.36768877637425923,0.07292919311582718,0.12037602194457962
PR1,loudness_sma3_pctlrange0-2,loudness_sma3_pctlrange0-2,56,15,18,23,2.383854328324685,0.10239483913687666,-0.07706605035778975,0.17867714653472203,-0.375074534724645,0.04991972228154282,0.1599540682374878
PR1,loudness_sma3_meanRisingSlope,loudness_sma3_meanRisingSlope,56,15,18,23,2.48748532331798,0.09315275218341527,-0.9551751641069788,0.07753125764098162,-3.0654578989197647,0.08620179161116143,0.14814654564109417
PR1,loudness_sma3_stddevRisingSlope,loudness_sma3_stddevRisingSlope,56,15,18,23,0.5245709300809269,0.5949676636089823,-0.212045921096017,0.4917238193675739,-0.9233358873300739,0.3657522873317526,0.6909555233195026
PR1,loudness_sma3_meanFallingSlope,loudness_sma3_meanFallingSlope,56,15,18,23,0.7604344505036901,0.4726895258610213,-0.1458944562365901,0.6700572159484522,-1.3825385354899908,0.22474357827130612,0.5858687081094349
PR1,loudness_sma3_stddevFallingSlope,loudness_sma3_stddevFallingSlope,56,15,18,23,0.6929386447703929,0.5047506040900135,0.15378904763285217,0.5664213513521421,-0.7344585828129703,0.4081704270196534,0.608466481642756
PR1,spectralFlux_sma3_amean,spectralFlux_sma3_amean,56,15,18,23,2.038486340279742,0.14070286203394217,-0.026516138113234465,0.059358270587602235,-0.04964765427451891,0.2796497254514179,0.21348020446529156
PR1,spectralFlux_sma3_stddevNorm,spectralFlux_sma3_stddevNorm,56,15,18,23,10.355744779048164,0.00016808405998938942,0.5359778267073271,4.180031729204708e-05,0.17794784758798904,0.6542721496830428,0.0006317302803782535
PR1,mfcc1_sma3_amean,mfcc1_sma3_amean,56,15,18,23,8.967531966684104,0.0004600603774592004,-0.6545657393614559,0.5526076943975644,-15.194872293571194,0.00010738134312055487,0.001428893407637987
PR1,mfcc1_sma3_stddevNorm,mfcc1_sma3_stddevNorm,56,15,18,23,5.5764922640245675,0.0064529574174913,-0.0889735376323807,0.025424594610443076,0.21885370372459967,0.0926305106566682,0.013700407718442296
PR1,mfcc2_sma3_amean,mfcc2_sma3_amean,56,15,18,23,27.397546468097946,8.301730258379553e-09,9.139578589115535,1.4999516726963693e-09,11.413312058635894,0.00760996123922983,9.131903284217508e-08
PR1,mfcc2_sma3_stddevNorm,mfcc2_sma3_stddevNorm,56,15,18,23,1.495138160507612,0.23387993299730758,-2.1941946116958904,0.14505732857222875,-6.165175274301442,0.21401714179071532,0.3392544083037868
PR1,mfcc3_sma3_amean,mfcc3_sma3_amean,56,15,18,23,6.5823072226130845,0.0028641909678738917,5.177612396264071,0.0006600172224519296,4.495242949004389,0.344960261422954,0.006518503582057822
PR1,mfcc3_sma3_stddevNorm,mfcc3_sma3_stddevNorm,56,15,18,23,0.18904284700013246,0.8283284191956258,-0.47777206667343447,0.5422163341728089,-0.32381566415933194,0.9003491488293311,0.8677726296335128
PR1,mfcc4_sma3_amean,mfcc4_sma3_amean,56,15,18,23,24.48330739619521,3.521578353750973e-08,14.113929910611926,6.12762688388587e-09,16.682343090289205,0.015990337281654006,3.6770111526774766e-07
PR1,mfcc4_sma3_stddevNorm,mfcc4_sma3_stddevNorm,56,15,18,23,1.0675182892618564,0.3514183225754586,3.2079751335763795,0.21770195966114558,9.057707678745743,0.29127176768766505,0.4757663444098516
PR1,jitterLocal_sma3nz_amean,jitterLocal_sma3nz_amean,56,15,18,23,4.3284920400438756,0.01835170801534533,0.0026757160601319197,0.14190951621214962,0.016850576002947995,0.006413558923417119,0.03363209664977213
PR1,jitterLocal_sma3nz_stddevNorm,jitterLocal_sma3nz_stddevNorm,56,15,18,23,7.558102978548159,0.001334097075320063,0.48908955637367957,0.000815925494097884,-0.2519589265897319,0.5814504439407724,0.0032916039989205293
PR1,shimmerLocaldB_sma3nz_amean,shimmerLocaldB_sma3nz_amean,56,15,18,23,12.292047924377293,4.396061111326284e-05,-0.20310609329862872,1.2610076523211378e-05,-0.03351568758812437,0.8101429481048107,0.0002072428809625248
PR1,shimmerLocaldB_sma3nz_stddevNorm,shimmerLocaldB_sma3nz_stddevNorm,56,15,18,23,31.27098689401102,1.3694629269968329e-09,0.1958861951339002,1.1593256779450213e-09,-0.055124228422067434,0.5299883909941276,2.126695368983317e-08
PR1,HNRdBACF_sma3nz_amean,HNRdBACF_sma3nz_amean,56,15,18,23,21.03591244212028,2.1785856702621565e-07,2.078788565845924,2.0009809767372634e-06,-2.662125918368968,0.0427302432966686,1.797333177966279e-06
PR1,HNRdBACF_sma3nz_stddevNorm,HNRdBACF_sma3nz_stddevNorm,56,15,18,23,19.80520306800273,4.3151761289317846e-07,-0.2267810411764668,1.383680557199716e-06,0.21102787446921953,0.12986962145847072,3.1644624945499756e-06
PR1,logRelF0-H1-H2_sma3nz_amean,logRelF0-H1-H2_sma3nz_amean,56,15,18,23,7.809131316421757,0.0011000445676687285,4.405117175030377,0.000463871394049454,8.66107548289266,0.03042337749264494,0.002904117658645443
PR1,logRelF0-H1-H2_sma3nz_stddevNorm,logRelF0-H1-H2_sma3nz_stddevNorm,56,15,18,23,0.860809324304897,0.4288710562522332,-0.13320352781267975,0.9801088095085386,-22.32314368470963,0.209624837745472,0.5469659847854569
PR1,logRelF0-H1-A3_sma3nz_amean,logRelF0-H1-A3_sma3nz_amean,56,15,18,23,2.802593558318052,0.07001734141419394,3.403920175697162,0.029034871536773716,-0.5928898197238057,0.9062113385837257,0.11370921182723764
PR1,logRelF0-H1-A3_sma3nz_stddevNorm,logRelF0-H1-A3_sma3nz_stddevNorm,56,15,18,23,2.7995941218414098,0.07020682396908991,-0.14130528849663077,0.047654817153895176,0.14468808494122853,0.5322789349889062,0.11370921182723764
PR1,F1frequency_sma3nz_amean,F1frequency_sma3nz_amean,56,15,18,23,0.6074891105257829,0.5486108721433395,-21.10851034079537,0.2847522211321527,-32.05741008432284,0.621442983382863,0.646577099311793
PR1,F1frequency_sma3nz_stddevNorm,F1frequency_sma3nz_stddevNorm,56,15,18,23,0.09202573787027847,0.9122327778132957,-0.0012527583246485785,0.8845866492529425,-0.012139219742231235,0.6706117013369538,0.9259421999606028
PR1,F1bandwidth_sma3nz_amean,F1bandwidth_sma3nz_amean,56,15,18,23,2.655718826328566,0.07995135034769428,18.095771998592184,0.21114680759929888,-71.58764829079797,0.13569780461132291,0.12792216055631084
PR1,F1bandwidth_sma3nz_stddevNorm,F1bandwidth_sma3nz_stddevNorm,56,15,18,23,18.773326959837007,7.765144738173281e-07,-0.02985844691270624,3.3278291491037293e-07,0.0022921229551656104,0.8921516616017651,5.256405668917298e-06
PR1,F1amplitudeLogRelF0_sma3nz_amean,F1amplitudeLogRelF0_sma3nz_amean,56,15,18,23,7.464836127775861,0.001433758849986381,-22.075172055749327,0.004251762934010193,-76.9282048327192,0.002682336514531447,0.0035047438555222644
PR1,F1amplitudeLogRelF0_sma3nz_stddevNorm,F1amplitudeLogRelF0_sma3nz_stddevNorm,56,15,18,23,9.052599626096047,0.0004320321245305933,0.24706977703592042,0.0006245616481051788,0.6918749164765121,0.0032399107129935587,0.0013741744683864654
PR1,F2frequency_sma3nz_amean,F2frequency_sma3nz_amean,56,15,18,23,0.652539036170267,0.5250143769927633,-21.51734445094403,0.333064903925909,-60.52583179568887,0.4093806774257676,0.6271664955931652
PR1,F2frequency_sma3nz_stddevNorm,F2frequency_sma3nz_stddevNorm,56,15,18,23,0.940152639045899,0.39723149243846917,0.00467073568196495,0.29941028542747355,-0.008402695877044467,0.5706864372542761,0.5191540297215637
PR1,F2bandwidth_sma3nz_amean,F2bandwidth_sma3nz_amean,56,15,18,23,4.685258124537173,0.01355204402667581,58.934910679702696,0.010851378086107106,-57.2591447463964,0.4404898607396007,0.025555283021731528
PR1,F2bandwidth_sma3nz_stddevNorm,F2bandwidth_sma3nz_stddevNorm,56,15,18,23,4.54614909958583,0.015246134302251923,-0.03644723508591993,0.004115009908321006,-0.022477610763546707,0.5774241180117844,0.028344925745031745
PR1,F2amplitudeLogRelF0_sma3nz_amean,F2amplitudeLogRelF0_sma3nz_amean,56,15,18,23,8.063394621682498,0.0009061387063034642,-22.17789706038264,0.0021975309068451364,-72.0042239337034,0.002586244607410221,0.0024918814423345263
PR1,F2amplitudeLogRelF0_sma3nz_stddevNorm,F2amplitudeLogRelF0_sma3nz_stddevNorm,56,15,18,23,10.507779533915778,0.0001508925885595151,0.20514402024789993,0.0001738488658390746,0.5274329091135221,0.0027141650920000176,0.0005858182849957645
PR1,F3frequency_sma3nz_amean,F3frequency_sma3nz_amean,56,15,18,23,0.33059228439819444,0.720026212187696,17.973066194214724,0.47679715126852634,-14.746724569952448,0.8594579422398558,0.788742406711833
PR1,F3frequency_sma3nz_stddevNorm,F3frequency_sma3nz_stddevNorm,56,15,18,23,3.825503327260104,0.028314897407225304,-0.006791480296013011,0.06686390363211947,-0.029519138382992416,0.017193736363931532,0.049178506023075524
PR1,F3bandwidth_sma3nz_amean,F3bandwidth_sma3nz_amean,56,15,18,23,2.4398720362803386,0.09728638734575559,23.708750461555027,0.30448548773895656,-120.93553515054955,0.11551564919407387,0.15379404945676334
PR1,F3bandwidth_sma3nz_stddevNorm,F3bandwidth_sma3nz_stddevNorm,56,15,18,23,1.1092749230738825,0.3376230318613609,-0.01212722504010941,0.3227977212800121,0.03201046266387382,0.42886829620815936,0.4594457753164911
PR1,F3amplitudeLogRelF0_sma3nz_amean,F3amplitudeLogRelF0_sma3nz_amean,56,15,18,23,8.488146769965116,0.0006575423567912636,-22.5390377185753,0.0013708004939695449,-69.68822816125859,0.0025899543142850925,0.0019075954087131163
PR1,F3amplitudeLogRelF0_sma3nz_stddevNorm,F3amplitudeLogRelF0_sma3nz_stddevNorm,56,15,18,23,12.046482864432948,5.191088628701843e-05,0.2019454323370789,4.490134610632914e-05,0.47331001810704354,0.0026155695369840287,0.0002404293680661906
PR1,alphaRatioV_sma3nz_amean,alphaRatioV_sma3nz_amean,56,15,18,23,13.43486401543077,2.0565473572451352e-05,-6.126312582405866,4.9379567815063925e-06,-2.0143255789463628,0.6136024820573298,0.00011311010464848243
PR1,alphaRatioV_sma3nz_stddevNorm,alphaRatioV_sma3nz_stddevNorm,56,15,18,23,17.862593801572014,1.3192760157054486e-06,0.2966794906310242,2.2537373374234624e-07,0.23179668040772483,0.1639027638067621,8.494850442591182e-06
PR1,hammarbergIndexV_sma3nz_amean,hammarbergIndexV_sma3nz_amean,56,15,18,23,13.56434574052651,1.8896024689281757e-05,6.7677276207491746,5.342570330757704e-06,1.1862277278808477,0.788523733257754,0.00010613937272277412
PR1,hammarbergIndexV_sma3nz_stddevNorm,hammarbergIndexV_sma3nz_stddevNorm,56,15,18,23,44.95839610722907,5.552510702031266e-12,-0.18931397354895307,7.713761958314152e-13,-0.15381571955577517,0.02375413145354444,1.2215523544468784e-10
PR1,slopeV0-500_sma3nz_amean,slopeV0-500_sma3nz_amean,56,15,18,23,153.79954651769555,2.5148102784355416e-22,-0.06721039406624571,1.11937676460464e-22,-0.11276280269222715,1.468711704290387e-11,1.3278198270139659e-20
PR1,slopeV0-500_sma3nz_stddevNorm,slopeV0-500_sma3nz_stddevNorm,56,15,18,23,1.9015676616026105,0.15977236032845155,0.7547468052099752,0.3511601384641414,-3.6940102166650237,0.16946699098783205,0.2410280178669212
PR1,slopeV500-1500_sma3nz_amean,slopeV500-1500_sma3nz_amean,56,15,18,23,0.32508816660297035,0.7239496672707042,0.0017468302642658976,0.43502960216681674,0.0027927188865962804,0.705037599152131,0.7897632733862228
PR1,slopeV500-1500_sma3nz_stddevNorm,slopeV500-1500_sma3nz_stddevNorm,56,15,18,23,0.10904810707080331,0.8968957869427712,-0.05303864784877926,0.8812795986603535,-0.5444722141517556,0.6430042047970761,0.9175730432591491
PR1,spectralFluxV_sma3nz_amean,spectralFluxV_sma3nz_amean,56,15,18,23,0.38008789261411774,0.68572195463006,-0.01837815591848705,0.38769014046661543,-0.01846073205517234,0.7921998671431908,0.7574501925620747
PR1,spectralFluxV_sma3nz_stddevNorm,spectralFluxV_sma3nz_stddevNorm,56,15,18,23,10.273292216946954,0.00017824706724903997,0.2135447480440227,0.00016322927356316876,-0.14392693899906855,0.4102487974203735,0.0006446195308732405
PR1,mfcc1V_sma3nz_amean,mfcc1V_sma3nz_amean,56,15,18,23,8.767835552774027,0.0005335368388926339,3.377616748180112,0.0049659685895363645,-7.940701954977521,0.04168580973951165,0.0016190083387086823
PR1,mfcc1V_sma3nz_stddevNorm,mfcc1V_sma3nz_stddevNorm,56,15,18,23,30.506534632629815,1.935030009883239e-09,-0.1561477058647328,5.743985103760413e-10,-0.025977534379104217,0.7028803076113878,2.8380440144954172e-08
PR1,mfcc2V_sma3nz_amean,mfcc2V_sma3nz_amean,56,15,18,23,11.698473935669575,6.582395234413622e-05,9.53120534981338,1.5226050249169662e-05,13.088257181121833,0.05232844972757959,0.000294534295234779
PR1,mfcc2V_sma3nz_stddevNorm,mfcc2V_sma3nz_stddevNorm,56,15,18,23,6.637290136263782,0.002741818066471625,-2.7744381301908216,0.15264455249947428,17.873804212821334,0.006631865346191261,0.0062942606047696435
PR1,mfcc3V_sma3nz_amean,mfcc3V_sma3nz_amean,56,15,18,23,5.293291162681384,0.008149741543080076,4.983774782730922,0.002251402246627124,6.81295136065069,0.18916439844895044,0.016244851970594585
PR1,mfcc3V_sma3nz_stddevNorm,mfcc3V_sma3nz_stddevNorm,56,15,18,23,0.15535144049559432,0.8565178364231354,0.0006260370397467296,0.9993274006907277,1.3120686174647618,0.5934227871197358,0.8901779458830628
PR1,mfcc4V_sma3nz_amean,mfcc4V_sma3nz_amean,56,15,18,23,7.76599489164523,0.0011370025284796782,10.046605525341926,0.0002494408549128121,7.8291702505531795,0.3573325236160895,0.0029719670051350008
PR1,mfcc4V_sma3nz_stddevNorm,mfcc4V_sma3nz_stddevNorm,56,15,18,23,0.2503914751490892,0.7794473527148289,-1.422931539280571,0.503767414545064,-2.7242215617997125,0.6980835106864107,0.8230964044668593
PR1,alphaRatioUV_sma3nz_amean,alphaRatioUV_sma3nz_amean,56,15,18,23,62.570040114984515,1.8778273061080224e-14,-8.743402977247806,5.868612763236286e-15,-13.912259447702855,2.891783347024525e-06,5.508293431250199e-13
PR1,hammarbergIndexUV_sma3nz_amean,hammarbergIndexUV_sma3nz_amean,56,15,18,23,74.71994962352473,6.957336489737812e-16,10.188243162074244,2.052885234169415e-16,15.891523811717306,7.34552189375108e-07,2.623909761843975e-14
PR1,slopeUV0-500_sma3nz_amean,slopeUV0-500_sma3nz_amean,56,15,18,23,220.75593802400235,7.698630163133302e-26,-0.09436510382371259,2.6317008492254235e-26,-0.14933168510332795,2.3121725545132463e-13,1.0162191815335957e-23
PR1,slopeUV500-1500_sma3nz_amean,slopeUV500-1500_sma3nz_amean,56,15,18,23,27.56272993705688,7.667257839325853e-09,0.011144905187857164,1.6200298180325545e-09,0.004249410982046916,0.40142928378389964,8.800678563400109e-08
PR1,spectralFluxUV_sma3nz_amean,spectralFluxUV_sma3nz_amean,56,15,18,23,0.8489966448034685,0.43380095695955656,-0.005701600640225334,0.3602214399026588,0.013033003576363836,0.5259162919350988,0.5505935222948218
PR1,loudnessPeaksPerSec,loudnessPeaksPerSec,56,15,18,23,6.878651481472001,0.0022655637869053924,-0.5583201186692631,0.0005149441895485527,-0.5222310303607957,0.29879192607867155,0.005340257497705568
PR1,VoicedSegmentsPerSec,VoicedSegmentsPerSec,56,15,18,23,19.81355460358428,4.2949414324129153e-07,-0.6110955003736096,3.728910162836543e-07,0.2476713548889571,0.47755654105703915,3.1644624945499756e-06
PR1,MeanVoicedSegmentLengthSec,MeanVoicedSegmentLengthSec,56,15,18,23,12.316981045166607,4.322746583959574e-05,0.03741750268477467,0.054190477179546934,-0.24223503381375106,0.0003196166290125352,0.0002072428809625248
PR1,StddevVoicedSegmentLengthSec,StddevVoicedSegmentLengthSec,56,15,18,23,4.789465607685059,0.012411907067253918,0.007234754261190458,0.6841533979409081,-0.16631191370868417,0.0063594315764008685,0.023744517867790103
PR1,MeanUnvoicedSegmentLength,MeanUnvoicedSegmentLength,56,15,18,23,5.826284043166806,0.0052613612712205824,0.2068298811863853,0.0012921182081150565,0.22633148356027394,0.2646162036611907,0.011574994796685282
PR1,StddevUnvoicedSegmentLength,StddevUnvoicedSegmentLength,56,15,18,23,4.134789833324432,0.02166842697912539,0.2427487042938461,0.005900230750282266,0.24320349895665555,0.3876948217985116,0.03865178866546692
PR1,equivalentSoundLevel_dBp,equivalentSoundLevel_dBp,56,15,18,23,1.8365473066394133,0.16975057254673348,0.89681417806213,0.5526207549398368,-7.903434341885334,0.11706299632431533,0.2517648941142564
